StudentID,Name,Department,Semester,Marks,Attendance(%),Logins,StudyHours,AssignmentScore,MidtermScore,PreviousCGPA,Backlogs,Status
S0001,Student_1,CSE-AIML,8,90.5,82.0,44,8.2,84.6,81.7,8.96,0,On Track
S0002,Student_2,ME,7,84.5,74.3,49,4.3,85.7,93.2,8.4,0,On Track
S0003,Student_3,CSE-AIML,8,61.2,83.8,27,2.9,80.7,48.6,6.62,0,On Track
S0004,Student_4,CSE,8,72.1,94.3,47,3.0,67.0,81.2,8.06,0,On Track
S0005,Student_5,CSE,4,65.2,73.2,28,4.7,54.6,81.6,5.7,0,On Track
S0006,Student_6,CSE-AIML,4,62.0,73.2,29,3.2,76.8,70.3,5.31,1,On Track
S0007,Student_7,ME,8,85.7,95.0,38,3.8,100.0,89.1,8.26,0,On Track
S0008,Student_8,IT,5,72.4,85.2,31,6.0,72.4,60.5,7.53,0,On Track
S0009,Student_9,ME,8,71.4,70.4,32,6.1,81.5,61.2,7.39,1,On Track
S0010,Student_10,ECE,8,55.1,82.5,30,2.2,68.5,70.1,6.04,1,At Risk
S0011,Student_11,CSE-AIML,6,76.4,70.4,34,1.4,69.0,85.8,7.04,0,On Track
S0012,Student_12,CSE,6,59.6,70.4,31,4.8,54.7,59.1,4.8,0,At Risk
S0013,Student_13,CSE-AIML,6,90.4,78.9,34,4.0,100.0,85.4,9.47,0,On Track
S0014,Student_14,CSE-AIML,5,29.3,53.0,17,2.8,46.2,20.0,4.5,3,Critical
S0015,Student_15,CSE,5,64.1,55.3,20,1.0,69.7,51.2,5.4,0,At Risk
S0016,Student_16,CSE,8,63.6,69.3,37,4.9,54.8,86.5,6.43,0,At Risk
S0017,Student_17,ECE,6,46.9,63.8,33,1.0,66.8,31.5,5.09,0,At Risk
S0018,Student_18,IT,5,53.0,79.8,28,4.0,47.7,55.3,5.24,0,At Risk
S0019,Student_19,CSE-DS,4,49.6,65.1,30,2.8,46.2,61.7,4.73,2,At Risk
S0020,Student_20,CSE-DS,8,58.6,59.1,33,1.8,62.0,43.5,5.78,0,At Risk
S0021,Student_21,IT,7,73.5,93.6,29,3.5,89.0,75.7,7.16,1,On Track
S0022,Student_22,CSE-AIML,8,55.5,73.3,37,4.1,64.0,66.8,4.88,0,At Risk
S0023,Student_23,IT,7,58.3,76.8,29,3.4,62.4,58.4,5.47,0,At Risk
S0024,Student_24,ME,6,79.4,58.9,31,5.3,84.0,100.0,8.2,0,At Risk
S0025,Student_25,CSE,7,74.6,69.5,25,7.1,75.0,54.6,7.62,0,At Risk
S0026,Student_26,CSE-AIML,6,57.8,77.3,20,1.0,63.4,70.5,5.86,1,At Risk
S0027,Student_27,ME,4,41.6,62.2,15,4.7,20.0,39.5,4.5,1,Critical
S0028,Student_28,CSE-AIML,7,68.0,80.5,37,3.9,65.0,77.3,6.71,0,On Track
S0029,Student_29,ECE,8,65.7,68.8,33,2.3,68.1,71.0,5.48,0,At Risk
S0030,Student_30,ECE,6,40.3,72.5,25,1.0,28.8,31.5,4.5,4,Critical
S0031,Student_31,CSE,8,56.7,68.8,36,2.9,60.6,59.4,6.38,1,At Risk
S0032,Student_32,CSE-AIML,5,48.7,98.2,31,4.1,46.7,26.4,4.5,1,At Risk
S0033,Student_33,CSE-AIML,6,67.1,75.8,34,3.5,84.7,74.3,6.42,1,On Track
S0034,Student_34,CSE,7,53.1,63.3,19,5.2,68.8,56.7,5.47,1,At Risk
S0035,Student_35,CSE,6,59.7,85.9,33,1.1,55.0,67.4,6.6,0,At Risk
S0036,Student_36,ME,8,70.9,61.3,28,3.9,69.4,83.6,6.87,0,At Risk
S0037,Student_37,CSE-AIML,4,42.7,78.5,28,1.0,42.0,47.1,4.5,1,Critical
S0038,Student_38,ECE,6,25.0,52.5,21,1.9,20.5,26.8,4.5,3,Critical
S0039,Student_39,CSE-AIML,7,58.0,60.1,35,4.6,60.0,47.4,5.85,0,At Risk
S0040,Student_40,CSE-DS,5,74.5,78.4,31,3.5,66.9,66.0,8.47,0,On Track
S0041,Student_41,CSE-AIML,4,96.4,84.9,45,1.4,85.1,100.0,9.78,0,On Track
S0042,Student_42,CSE-AIML,5,51.0,78.1,26,3.1,57.2,68.2,5.09,0,At Risk
S0043,Student_43,CSE-DS,6,78.3,74.6,38,5.0,84.6,75.4,7.99,0,On Track
S0044,Student_44,ME,8,67.2,72.4,44,4.3,59.2,67.8,6.71,0,On Track
S0045,Student_45,CSE,8,30.2,58.3,6,3.5,39.2,20.0,4.5,3,Critical
S0046,Student_46,ME,7,61.8,67.4,24,1.8,55.5,75.9,6.59,0,At Risk
S0047,Student_47,CSE-AIML,8,69.3,70.5,36,4.9,71.8,77.3,7.04,0,On Track
S0048,Student_48,CSE-AIML,4,50.6,88.7,38,4.6,58.8,73.9,5.07,1,At Risk
S0049,Student_49,CSE,8,86.9,80.1,39,2.2,86.6,76.4,8.2,0,On Track
S0050,Student_50,CSE,7,59.3,54.8,20,3.8,63.8,54.8,6.58,0,At Risk
S0051,Student_51,IT,6,58.0,79.9,37,2.5,52.8,60.8,6.13,0,At Risk
S0052,Student_52,CSE-AIML,6,62.7,71.4,31,3.4,60.7,70.5,5.99,1,On Track
S0053,Student_53,CSE-AIML,8,69.0,67.9,40,4.4,66.9,66.4,7.4,0,At Risk
S0054,Student_54,IT,5,73.4,83.3,40,3.3,65.9,62.9,7.09,0,On Track
S0055,Student_55,IT,6,66.8,88.4,42,2.7,65.0,77.4,6.29,0,On Track
S0056,Student_56,CSE,8,60.1,87.2,36,3.4,44.6,68.8,5.63,0,On Track
S0057,Student_57,ECE,7,50.8,65.9,26,1.2,45.9,39.8,4.5,0,At Risk
S0058,Student_58,CSE,8,71.7,72.3,29,2.4,68.9,88.0,7.41,0,On Track
S0059,Student_59,IT,6,74.7,80.0,39,5.2,72.1,88.7,6.55,0,On Track
S0060,Student_60,IT,7,64.3,87.7,36,1.8,61.9,65.9,5.82,0,On Track
S0061,Student_61,CSE-DS,8,69.3,70.2,34,4.8,68.7,70.3,5.89,0,On Track
S0062,Student_62,CSE,4,35.9,73.8,50,2.7,40.7,42.5,4.5,2,Critical
S0063,Student_63,CSE,7,71.3,62.7,35,1.4,80.0,61.0,7.05,1,At Risk
S0064,Student_64,CSE-AIML,4,25.7,61.6,25,1.0,20.0,26.1,4.5,1,Critical
S0065,Student_65,CSE-AIML,5,72.4,85.8,48,5.8,60.4,46.6,6.72,0,On Track
S0066,Student_66,CSE,7,58.2,92.3,38,1.8,47.8,68.7,5.23,1,At Risk
S0067,Student_67,CSE-DS,4,32.7,75.1,18,1.1,27.8,20.0,4.5,1,Critical
S0068,Student_68,CSE,6,81.4,88.0,32,5.2,77.9,99.4,7.86,0,On Track
S0069,Student_69,CSE-AIML,6,48.2,80.3,21,3.9,40.5,44.2,4.98,0,At Risk
S0070,Student_70,IT,5,58.3,68.3,28,2.9,45.3,55.8,5.39,0,At Risk
S0071,Student_71,CSE-AIML,7,65.0,80.3,36,2.7,60.4,57.5,6.59,1,On Track
S0072,Student_72,ME,7,93.5,94.5,56,7.3,95.3,90.0,10.0,0,On Track
S0073,Student_73,CSE,7,65.0,75.6,37,6.2,71.0,82.0,6.79,0,On Track
S0074,Student_74,CSE-AIML,5,59.6,94.8,41,4.8,54.0,29.7,5.75,0,At Risk
S0075,Student_75,CSE,7,54.6,44.6,27,3.2,50.5,69.9,5.59,0,Critical
S0076,Student_76,CSE,6,50.5,85.9,21,1.6,41.2,54.6,4.93,0,At Risk
S0077,Student_77,CSE-DS,4,44.5,77.0,37,1.2,44.2,30.0,4.5,2,Critical
S0078,Student_78,CSE,6,58.4,72.4,39,4.0,49.9,45.5,5.68,0,At Risk
S0079,Student_79,ECE,6,73.8,77.1,23,4.7,79.5,93.9,7.3,0,On Track
S0080,Student_80,CSE-AIML,4,60.8,52.1,33,5.5,42.9,49.5,6.19,0,At Risk
S0081,Student_81,CSE-AIML,6,57.7,73.4,36,4.2,54.1,43.9,5.27,0,At Risk
S0082,Student_82,CSE-DS,5,58.7,80.3,33,1.0,61.7,72.3,5.36,0,At Risk
S0083,Student_83,CSE,4,76.1,93.7,47,5.8,77.9,80.2,6.92,0,On Track
S0084,Student_84,IT,6,98.0,69.8,50,3.9,100.0,86.7,9.0,0,At Risk
S0085,Student_85,CSE-DS,8,60.0,66.3,31,2.8,63.5,62.6,5.39,0,At Risk
S0086,Student_86,ECE,6,63.9,70.0,33,3.9,53.9,51.6,6.47,0,At Risk
S0087,Student_87,CSE-DS,5,81.4,87.0,35,7.5,80.4,94.6,7.69,0,On Track
S0088,Student_88,CSE,7,63.2,79.9,29,8.2,45.4,75.9,6.58,0,On Track
S0089,Student_89,CSE-AIML,6,58.6,69.6,38,4.2,57.8,65.0,5.88,0,At Risk
S0090,Student_90,CSE-AIML,7,59.4,82.2,30,3.0,51.1,63.7,4.96,1,At Risk
S0091,Student_91,IT,8,62.4,77.2,35,4.3,71.6,83.5,6.57,0,On Track
S0092,Student_92,CSE-DS,6,68.6,87.6,36,5.1,63.1,68.6,7.27,0,On Track
S0093,Student_93,CSE-AIML,4,67.4,67.6,34,3.3,66.2,53.2,6.24,0,At Risk
S0094,Student_94,IT,7,61.5,72.1,35,6.1,55.1,66.9,6.36,0,On Track
S0095,Student_95,CSE,8,73.7,71.3,40,4.4,91.1,98.7,6.94,0,On Track
S0096,Student_96,ECE,4,43.5,58.4,22,3.2,40.3,31.3,4.5,1,Critical
S0097,Student_97,CSE-AIML,4,64.7,79.6,34,4.6,83.0,60.4,5.84,0,On Track
S0098,Student_98,CSE-DS,4,33.0,79.1,28,2.5,41.1,38.0,4.5,3,Critical
S0099,Student_99,ECE,4,71.7,76.1,31,5.2,76.5,71.1,6.98,0,On Track
S0100,Student_100,CSE-AIML,6,66.6,73.2,36,2.8,70.3,54.8,6.6,1,On Track
S0101,Student_101,CSE,6,66.1,59.0,33,2.8,70.0,79.6,6.41,0,At Risk
S0102,Student_102,CSE,6,25.0,71.0,25,1.0,20.0,52.8,4.5,2,Critical
S0103,Student_103,CSE,8,90.9,71.9,39,5.7,88.1,93.3,8.89,0,On Track
S0104,Student_104,CSE-AIML,8,60.8,66.4,41,4.5,69.3,50.0,6.21,0,At Risk
S0105,Student_105,CSE-DS,8,77.7,74.1,37,5.0,77.2,59.1,7.75,0,On Track
S0106,Student_106,ECE,5,63.5,80.8,51,6.0,49.4,66.6,6.44,0,On Track
S0107,Student_107,ECE,8,83.8,98.6,38,4.6,83.3,97.0,8.04,0,On Track
S0108,Student_108,CSE,6,42.5,78.1,25,3.4,59.5,48.2,4.84,2,Critical
S0109,Student_109,CSE-DS,6,45.6,79.1,21,1.0,58.1,45.6,4.5,0,At Risk
S0110,Student_110,IT,5,95.4,75.1,46,4.7,94.8,88.3,9.78,0,On Track
S0111,Student_111,CSE,5,44.7,53.0,29,3.5,54.2,31.6,5.06,3,Critical
S0112,Student_112,IT,8,64.7,75.7,34,4.9,61.0,74.7,6.71,0,On Track
S0113,Student_113,ECE,7,75.9,76.7,37,3.8,58.9,86.9,7.49,0,On Track
S0114,Student_114,CSE,5,81.4,100.0,36,4.4,72.2,62.9,7.88,0,On Track
S0115,Student_115,CSE-AIML,4,77.1,73.7,53,2.0,92.7,96.2,8.23,0,On Track
S0116,Student_116,CSE-AIML,6,70.7,79.6,37,3.4,68.0,77.6,6.36,0,On Track
S0117,Student_117,CSE,4,93.8,75.6,35,6.5,91.4,100.0,8.89,0,On Track
S0118,Student_118,CSE-DS,6,54.5,62.0,34,3.9,51.5,38.4,5.25,0,At Risk
S0119,Student_119,ME,6,78.7,89.7,44,5.1,97.7,62.3,8.49,0,On Track
S0120,Student_120,IT,5,84.5,85.0,40,4.8,100.0,82.7,8.64,0,On Track
S0121,Student_121,CSE-AIML,5,79.4,85.5,32,4.4,100.0,85.4,7.46,0,On Track
S0122,Student_122,CSE-AIML,4,71.4,65.1,33,3.0,69.8,93.0,6.98,0,At Risk
S0123,Student_123,IT,6,95.6,92.8,57,6.4,98.6,100.0,9.25,0,On Track
S0124,Student_124,ECE,4,41.3,59.2,37,2.9,26.1,38.4,4.5,1,Critical
S0125,Student_125,CSE,7,98.6,83.0,50,6.2,100.0,86.3,10.0,0,On Track
S0126,Student_126,ECE,4,63.8,100.0,41,2.8,52.1,78.6,5.69,1,On Track
S0127,Student_127,ME,8,50.5,64.1,21,1.0,52.7,38.9,5.85,0,At Risk
S0128,Student_128,CSE-AIML,4,45.9,69.2,30,4.2,34.9,65.4,5.0,1,At Risk
S0129,Student_129,CSE,8,62.5,77.2,35,2.8,56.6,59.1,6.8,0,On Track
S0130,Student_130,ME,8,67.9,70.0,40,2.5,59.5,87.0,6.56,0,At Risk
S0131,Student_131,CSE,8,40.7,57.4,12,3.3,34.6,48.8,4.5,0,Critical
S0132,Student_132,CSE-AIML,7,77.6,76.8,47,3.7,72.2,76.0,7.04,0,On Track
S0133,Student_133,CSE,4,71.6,63.3,27,5.6,66.1,65.4,6.9,0,At Risk
S0134,Student_134,CSE-AIML,4,69.9,81.7,33,4.8,78.2,65.8,7.24,0,On Track
S0135,Student_135,IT,7,43.8,65.0,21,3.5,32.8,48.9,5.03,1,Critical
S0136,Student_136,ECE,6,79.7,94.6,29,2.4,81.9,80.6,7.42,0,On Track
S0137,Student_137,CSE,5,75.2,66.6,37,6.0,87.4,68.1,7.34,0,At Risk
S0138,Student_138,CSE-DS,4,43.4,72.1,33,2.8,38.3,41.4,4.5,2,Critical
S0139,Student_139,CSE-DS,5,69.9,85.8,28,3.3,62.7,70.8,6.29,0,On Track
S0140,Student_140,CSE-DS,7,51.3,61.2,17,3.1,49.0,25.8,5.43,0,At Risk
S0141,Student_141,CSE,6,58.7,78.7,33,1.0,70.5,64.2,5.51,1,At Risk
S0142,Student_142,CSE-AIML,6,100.0,91.7,55,6.2,100.0,88.2,9.9,0,On Track
S0143,Student_143,CSE-DS,6,42.5,56.7,23,1.0,37.2,28.7,4.5,1,Critical
S0144,Student_144,ME,7,56.4,78.2,23,1.1,61.2,36.2,5.25,0,At Risk
S0145,Student_145,CSE,8,61.2,79.1,34,1.1,50.2,39.7,6.12,0,On Track
S0146,Student_146,CSE,8,68.2,85.4,36,5.5,75.0,51.9,6.71,1,On Track
S0147,Student_147,CSE-AIML,5,25.0,61.2,6,1.0,29.1,20.0,4.5,2,Critical
S0148,Student_148,CSE-DS,8,30.4,60.2,27,4.0,27.3,53.8,4.5,4,Critical
S0149,Student_149,ECE,8,86.5,82.3,35,4.0,78.1,80.2,8.81,0,On Track
S0150,Student_150,CSE-AIML,6,57.9,79.6,41,1.0,49.0,60.0,6.62,0,At Risk
S0151,Student_151,CSE,6,62.5,79.0,50,1.8,67.8,67.3,6.32,0,On Track
S0152,Student_152,IT,5,44.2,80.2,45,4.3,56.5,45.8,4.92,1,Critical
S0153,Student_153,ME,4,45.3,67.8,28,2.3,38.9,44.4,4.5,0,At Risk
S0154,Student_154,CSE-AIML,5,40.9,78.8,27,1.4,45.5,26.6,4.5,1,Critical
S0155,Student_155,ME,5,100.0,79.5,56,5.8,79.1,100.0,9.45,0,On Track
S0156,Student_156,CSE-DS,7,68.7,67.4,31,4.6,62.9,90.4,6.13,0,At Risk
S0157,Student_157,CSE,7,71.3,98.4,44,5.6,71.0,51.1,6.76,0,On Track
S0158,Student_158,ECE,5,96.2,81.7,37,7.5,87.1,83.9,10.0,0,On Track
S0159,Student_159,CSE-AIML,5,64.1,61.7,29,3.0,54.7,60.7,6.89,0,At Risk
S0160,Student_160,ME,5,63.8,83.9,37,1.6,57.1,52.2,6.5,2,On Track
S0161,Student_161,ECE,8,25.0,64.3,24,1.0,27.9,31.1,4.5,3,Critical
S0162,Student_162,IT,7,96.3,85.4,34,5.7,94.4,87.6,9.53,0,On Track
S0163,Student_163,ME,5,55.1,89.9,40,1.6,32.7,81.1,5.66,0,At Risk
S0164,Student_164,CSE-AIML,6,29.1,66.2,25,1.0,20.0,43.4,4.5,2,Critical
S0165,Student_165,CSE-DS,6,80.8,87.6,34,5.0,74.7,83.4,7.16,0,On Track
S0166,Student_166,ECE,8,98.3,81.0,37,5.4,100.0,100.0,9.38,0,On Track
S0167,Student_167,CSE,8,87.0,85.9,37,4.9,59.5,100.0,8.67,0,On Track
S0168,Student_168,IT,4,96.7,98.8,56,4.2,91.7,89.9,9.94,0,On Track
S0169,Student_169,ME,4,51.8,73.1,12,2.5,46.5,42.0,4.5,0,At Risk
S0170,Student_170,CSE-AIML,4,72.5,67.0,39,2.6,86.4,73.4,7.17,0,At Risk
S0171,Student_171,CSE-DS,8,70.5,65.3,39,5.3,66.6,80.8,7.12,0,At Risk
S0172,Student_172,CSE-DS,8,45.2,66.2,13,4.1,49.0,46.9,4.94,2,At Risk
S0173,Student_173,CSE-AIML,8,60.6,75.1,31,1.0,62.0,41.7,6.41,0,On Track
S0174,Student_174,CSE-DS,6,62.4,80.1,33,2.1,41.1,52.8,6.53,1,On Track
S0175,Student_175,CSE,8,46.3,79.3,24,1.0,54.0,45.4,4.5,1,At Risk
S0176,Student_176,CSE,6,61.6,85.9,32,2.4,63.8,60.7,5.21,0,On Track
S0177,Student_177,CSE,4,33.3,76.2,25,1.7,38.4,57.0,4.5,3,Critical
S0178,Student_178,CSE-DS,4,85.6,93.4,56,2.6,100.0,69.0,9.06,0,On Track
S0179,Student_179,IT,4,52.1,72.8,40,1.5,31.3,58.2,5.91,0,At Risk
S0180,Student_180,CSE,5,74.9,100.0,55,2.7,92.1,92.8,7.85,0,On Track
S0181,Student_181,CSE-AIML,5,74.7,83.5,43,4.5,71.8,100.0,7.68,0,On Track
S0182,Student_182,ECE,7,65.4,65.7,21,3.7,68.3,60.5,6.73,1,At Risk
S0183,Student_183,CSE,7,60.2,63.1,24,2.3,59.7,66.1,5.74,0,At Risk
S0184,Student_184,CSE-DS,7,49.6,81.8,41,3.0,45.4,56.4,4.89,2,At Risk
S0185,Student_185,ME,5,39.6,73.3,23,1.4,33.9,41.9,4.79,0,Critical
S0186,Student_186,ECE,5,85.8,84.6,44,4.4,89.1,84.6,8.11,0,On Track
S0187,Student_187,CSE-DS,7,52.7,81.7,35,5.4,37.5,57.9,6.08,0,At Risk
S0188,Student_188,CSE-AIML,7,56.4,75.1,31,5.1,63.9,26.0,5.48,1,At Risk
S0189,Student_189,CSE-DS,8,65.0,65.8,35,1.7,60.8,73.2,7.16,0,At Risk
S0190,Student_190,IT,7,37.7,57.8,30,3.3,26.4,39.2,4.5,1,Critical
S0191,Student_191,IT,8,57.0,70.6,29,4.4,52.5,54.3,5.99,1,At Risk
S0192,Student_192,CSE,6,60.1,86.3,48,1.6,72.7,84.7,5.64,1,On Track
S0193,Student_193,CSE-DS,5,50.1,78.6,27,4.0,44.7,42.0,4.5,0,At Risk
S0194,Student_194,CSE-AIML,7,57.5,61.1,32,5.5,61.1,52.7,5.86,0,At Risk
S0195,Student_195,CSE,5,46.8,78.1,40,1.0,39.5,70.7,5.18,0,At Risk
S0196,Student_196,CSE,5,69.9,80.6,34,2.5,77.5,59.9,6.57,0,On Track
S0197,Student_197,ECE,5,55.1,65.4,32,4.6,62.0,48.5,4.76,1,At Risk
S0198,Student_198,ECE,6,63.3,77.8,25,3.9,81.8,61.5,6.28,0,On Track
S0199,Student_199,IT,4,71.2,76.7,42,4.8,69.4,81.3,7.08,0,On Track
S0200,Student_200,CSE-DS,7,67.9,62.3,27,4.3,74.6,70.4,7.06,0,At Risk
S0201,Student_201,CSE,4,64.2,80.3,32,4.2,65.2,48.7,6.89,0,On Track
S0202,Student_202,IT,4,68.6,82.7,46,1.8,81.6,62.2,6.83,0,On Track
S0203,Student_203,CSE,4,69.8,89.0,34,5.4,62.6,62.5,7.91,1,On Track
S0204,Student_204,CSE-DS,5,71.4,88.6,29,5.7,78.9,70.5,7.25,0,On Track
S0205,Student_205,ME,8,39.7,59.5,14,1.9,37.8,44.8,4.5,3,Critical
S0206,Student_206,ECE,5,57.1,64.7,34,3.1,56.5,62.1,4.9,1,At Risk
S0207,Student_207,IT,5,50.6,82.2,27,1.0,51.5,29.3,4.93,0,At Risk
S0208,Student_208,CSE-AIML,4,69.1,82.2,51,4.6,71.6,81.9,6.74,0,On Track
S0209,Student_209,CSE-AIML,5,36.2,82.2,20,2.9,35.0,39.2,4.5,2,Critical
S0210,Student_210,ME,4,100.0,100.0,59,5.5,100.0,100.0,10.0,0,On Track
S0211,Student_211,CSE-AIML,8,52.8,82.9,39,4.6,68.6,58.1,4.69,1,At Risk
S0212,Student_212,CSE-AIML,7,64.0,89.6,40,3.1,73.9,77.2,6.49,0,On Track
S0213,Student_213,CSE-AIML,4,58.9,87.4,35,4.1,67.6,64.5,6.23,0,At Risk
S0214,Student_214,ME,8,82.6,83.8,41,3.1,78.0,98.8,9.02,0,On Track
S0215,Student_215,CSE-AIML,7,54.8,72.2,32,3.0,45.9,61.1,5.92,1,At Risk
S0216,Student_216,CSE,6,92.3,85.1,47,4.9,100.0,91.1,9.61,0,On Track
S0217,Student_217,IT,4,46.5,66.7,31,2.9,55.3,73.8,4.68,0,At Risk
S0218,Student_218,ME,4,64.2,73.2,34,3.0,78.9,74.9,6.61,0,On Track
S0219,Student_219,CSE,6,44.6,70.2,29,2.3,38.6,51.5,5.08,2,Critical
S0220,Student_220,CSE,6,90.3,77.0,34,6.3,88.0,75.0,8.36,0,On Track
S0221,Student_221,CSE,4,67.8,100.0,47,3.1,51.4,52.3,6.61,0,On Track
S0222,Student_222,CSE-AIML,6,37.3,53.6,10,1.0,33.4,40.8,4.5,2,Critical
S0223,Student_223,CSE-AIML,5,68.9,84.2,27,6.5,78.9,70.6,7.08,0,On Track
S0224,Student_224,IT,7,55.8,56.6,31,5.2,51.1,48.4,6.2,1,At Risk
S0225,Student_225,IT,7,56.1,70.3,33,1.2,62.5,57.8,5.31,1,At Risk
S0226,Student_226,IT,7,70.3,89.1,39,4.9,68.4,89.4,5.83,0,On Track
S0227,Student_227,CSE-AIML,5,63.7,76.8,35,2.8,66.9,72.0,6.16,0,On Track
S0228,Student_228,ME,6,51.6,63.1,31,3.3,40.1,37.9,5.62,0,At Risk
S0229,Student_229,CSE-AIML,8,64.4,67.4,26,4.0,65.3,63.1,6.71,0,At Risk
S0230,Student_230,CSE-DS,6,93.1,84.2,32,4.8,63.2,83.4,9.52,0,On Track
S0231,Student_231,IT,4,49.0,67.2,32,1.5,47.1,44.3,4.76,1,At Risk
S0232,Student_232,CSE,7,40.9,78.6,28,1.2,24.6,35.9,4.5,3,Critical
S0233,Student_233,IT,6,64.1,76.5,38,2.2,76.2,58.4,6.67,0,On Track
S0234,Student_234,CSE-AIML,8,79.0,68.2,17,3.1,86.8,63.9,7.48,0,At Risk
S0235,Student_235,IT,4,77.3,100.0,53,4.2,82.0,75.8,8.82,0,On Track
S0236,Student_236,CSE,5,92.2,83.6,41,4.0,100.0,85.5,9.51,0,On Track
S0237,Student_237,CSE,5,65.4,51.7,25,4.7,55.9,30.2,6.25,1,At Risk
S0238,Student_238,CSE-DS,8,62.6,78.2,43,5.7,80.1,87.2,5.95,0,On Track
S0239,Student_239,CSE,4,73.1,68.1,44,3.2,82.4,86.2,7.26,0,At Risk
S0240,Student_240,ME,7,97.8,86.2,47,5.8,95.4,93.3,9.66,0,On Track
S0241,Student_241,CSE-AIML,6,38.2,66.5,15,2.9,49.6,38.4,4.5,0,Critical
S0242,Student_242,IT,4,50.4,74.6,23,3.5,39.3,36.3,5.13,1,At Risk
S0243,Student_243,IT,5,55.8,82.1,32,3.2,47.6,76.1,5.21,1,At Risk
S0244,Student_244,ECE,8,57.5,86.4,39,4.3,51.4,80.3,6.7,2,At Risk
S0245,Student_245,CSE-AIML,8,45.1,61.6,32,3.2,39.8,47.0,4.53,2,At Risk
S0246,Student_246,CSE,6,38.9,72.0,27,1.0,28.3,51.2,4.5,3,Critical
S0247,Student_247,CSE,8,58.9,70.3,33,4.6,71.1,61.0,5.59,0,At Risk
S0248,Student_248,CSE-AIML,8,41.5,68.2,25,3.6,38.9,25.5,4.5,0,Critical
S0249,Student_249,IT,4,78.9,97.2,39,3.2,82.4,74.0,8.05,0,On Track
S0250,Student_250,CSE-DS,7,37.3,80.9,25,2.1,31.6,38.9,4.5,2,Critical
S0251,Student_251,CSE-DS,6,48.5,60.9,20,3.7,30.3,43.0,5.86,1,At Risk
S0252,Student_252,IT,4,73.6,87.0,28,3.8,76.3,71.0,8.01,0,On Track
S0253,Student_253,ME,7,49.8,100.0,37,4.4,30.7,48.7,4.78,1,At Risk
S0254,Student_254,IT,4,83.3,88.4,48,8.2,82.6,82.3,7.78,0,On Track
S0255,Student_255,CSE-AIML,4,57.2,57.8,18,2.0,43.5,57.8,5.89,1,At Risk
S0256,Student_256,CSE-DS,8,57.7,70.2,53,1.1,77.6,45.0,5.81,1,At Risk
S0257,Student_257,IT,7,99.3,91.2,45,6.0,100.0,90.7,10.0,0,On Track
S0258,Student_258,ECE,6,61.9,67.5,32,4.5,63.0,46.5,6.29,0,At Risk
S0259,Student_259,CSE,6,52.4,81.3,30,2.6,65.0,64.1,5.49,0,At Risk
S0260,Student_260,CSE-AIML,7,73.2,85.3,44,6.2,64.7,47.9,8.04,0,On Track
S0261,Student_261,CSE-AIML,8,57.1,64.9,25,1.2,62.5,70.9,5.99,0,At Risk
S0262,Student_262,CSE-DS,5,63.4,75.3,35,4.6,65.4,80.0,5.82,1,On Track
S0263,Student_263,ECE,4,52.6,37.1,37,2.0,55.2,49.0,5.94,0,Critical
S0264,Student_264,CSE-AIML,8,39.6,63.7,28,4.8,52.3,20.0,4.78,2,Critical
S0265,Student_265,CSE-DS,7,68.7,73.0,42,6.8,76.0,64.4,8.45,0,On Track
S0266,Student_266,CSE,4,27.4,61.0,22,1.0,30.3,26.6,4.5,3,Critical
S0267,Student_267,CSE-AIML,6,76.7,95.6,43,3.4,60.2,64.6,7.79,0,On Track
S0268,Student_268,CSE,5,47.2,58.8,41,3.9,37.6,41.0,4.5,0,At Risk
S0269,Student_269,IT,6,44.6,70.7,27,1.9,43.4,63.0,4.74,1,Critical
S0270,Student_270,CSE-DS,7,90.1,77.6,49,4.9,91.0,98.1,8.74,0,On Track
S0271,Student_271,CSE-AIML,4,95.0,93.3,48,5.3,83.7,83.9,10.0,0,On Track
S0272,Student_272,CSE-DS,7,52.6,58.8,22,1.0,76.7,33.4,4.87,0,At Risk
S0273,Student_273,CSE-AIML,4,63.5,90.0,46,3.5,78.7,59.6,5.51,0,On Track
S0274,Student_274,CSE-DS,8,63.9,76.1,42,2.5,69.9,61.3,6.15,0,On Track
S0275,Student_275,IT,5,72.1,64.2,34,3.3,72.8,78.1,6.22,0,At Risk
S0276,Student_276,ME,8,59.0,81.5,24,5.4,56.9,52.6,6.28,0,At Risk
S0277,Student_277,CSE,8,89.5,78.4,29,3.1,80.0,95.6,7.92,0,On Track
S0278,Student_278,CSE-DS,7,59.9,68.8,29,4.5,60.7,83.1,6.0,2,At Risk
S0279,Student_279,IT,5,64.9,76.8,34,3.2,67.5,74.7,5.45,0,On Track
S0280,Student_280,CSE-AIML,4,58.0,71.4,37,2.8,45.6,57.4,5.64,1,At Risk
S0281,Student_281,ME,4,65.9,77.4,36,4.8,69.2,63.7,7.41,0,On Track
S0282,Student_282,CSE-AIML,6,58.6,83.9,27,3.8,57.0,54.3,6.04,0,At Risk
S0283,Student_283,CSE-DS,4,89.3,95.0,46,5.8,70.2,100.0,8.5,0,On Track
S0284,Student_284,CSE,7,65.8,61.1,32,5.1,57.2,58.3,6.56,0,At Risk
S0285,Student_285,IT,8,74.5,100.0,49,3.6,70.4,75.0,7.46,0,On Track
S0286,Student_286,ECE,8,31.9,52.6,32,1.0,50.8,32.5,4.5,2,Critical
S0287,Student_287,CSE,8,41.7,74.2,40,1.0,47.3,35.7,4.5,1,Critical
S0288,Student_288,CSE,5,77.2,83.1,41,3.1,63.8,60.7,8.02,0,On Track
S0289,Student_289,CSE,4,50.0,79.4,35,7.2,54.9,53.9,4.5,1,At Risk
S0290,Student_290,CSE-AIML,7,25.0,68.5,18,3.3,20.0,24.3,4.5,3,Critical
S0291,Student_291,CSE-AIML,5,68.1,73.5,37,1.8,78.9,74.1,6.57,0,On Track
S0292,Student_292,ECE,6,90.8,70.1,33,3.1,86.1,84.4,9.4,0,On Track
S0293,Student_293,CSE-AIML,7,57.8,68.9,33,3.9,56.9,72.4,5.79,0,At Risk
S0294,Student_294,CSE-AIML,7,74.0,86.2,29,4.9,87.3,63.5,6.7,0,On Track
S0295,Student_295,IT,7,59.9,80.3,27,4.2,47.0,80.4,5.5,0,At Risk
S0296,Student_296,CSE,8,60.5,67.7,39,3.0,46.5,39.5,6.15,0,At Risk
S0297,Student_297,CSE-DS,7,82.9,86.8,39,4.4,77.1,88.1,8.25,0,On Track
S0298,Student_298,CSE-DS,4,65.2,79.7,41,4.1,75.6,70.9,6.23,0,On Track
S0299,Student_299,IT,7,73.9,85.8,39,4.2,58.7,64.4,7.15,0,On Track
S0300,Student_300,ECE,8,72.8,83.6,38,1.0,44.5,77.9,7.63,0,On Track
S0301,Student_301,CSE-DS,7,50.8,66.1,37,2.5,46.3,66.2,4.82,1,At Risk
S0302,Student_302,CSE,6,66.4,69.3,27,2.4,71.9,39.8,6.6,0,At Risk
S0303,Student_303,CSE,6,67.8,85.0,39,4.0,79.8,73.8,7.86,0,On Track
S0304,Student_304,CSE,8,55.7,83.3,34,7.6,51.1,25.8,4.86,1,At Risk
S0305,Student_305,ME,4,66.6,75.7,31,4.3,62.5,55.0,5.73,0,On Track
S0306,Student_306,CSE,4,49.5,77.4,32,2.3,61.0,69.0,5.34,3,At Risk
S0307,Student_307,ECE,5,76.5,91.3,43,5.6,57.8,69.5,7.31,0,On Track
S0308,Student_308,CSE-DS,8,53.2,68.9,27,3.7,49.3,39.1,5.16,2,At Risk
S0309,Student_309,CSE-DS,7,89.0,82.6,47,5.6,90.9,86.6,8.51,0,On Track
S0310,Student_310,ECE,8,61.0,73.6,26,4.3,65.5,85.8,5.97,1,On Track
S0311,Student_311,CSE,5,58.9,73.4,32,6.4,53.8,36.9,6.69,0,At Risk
S0312,Student_312,ME,8,81.2,89.2,37,2.8,81.5,68.6,8.52,0,On Track
S0313,Student_313,ECE,8,96.8,85.9,50,6.1,71.9,100.0,10.0,0,On Track
S0314,Student_314,CSE,5,78.4,85.8,40,3.0,71.8,100.0,7.13,0,On Track
S0315,Student_315,CSE,4,81.6,91.7,50,5.4,86.1,80.4,7.58,0,On Track
S0316,Student_316,CSE-DS,7,36.0,76.3,22,1.0,26.2,21.1,4.5,1,Critical
S0317,Student_317,IT,5,56.6,84.2,40,2.5,57.2,81.8,5.26,1,At Risk
S0318,Student_318,ME,6,60.7,72.3,40,2.9,65.2,79.8,6.55,0,On Track
S0319,Student_319,CSE-DS,4,58.2,79.9,37,4.7,54.8,66.3,6.08,0,At Risk
S0320,Student_320,ECE,6,64.8,74.4,42,5.0,66.5,55.1,6.37,0,On Track
S0321,Student_321,ECE,4,61.0,77.2,31,1.5,51.4,60.4,6.09,0,On Track
S0322,Student_322,CSE-AIML,7,83.5,83.1,49,4.7,81.4,81.6,8.01,0,On Track
S0323,Student_323,CSE-AIML,7,66.9,66.2,48,2.7,73.0,70.9,6.79,0,At Risk
S0324,Student_324,CSE-AIML,8,85.8,100.0,42,2.9,87.4,100.0,8.96,0,On Track
S0325,Student_325,ME,6,50.3,63.9,25,2.5,44.4,60.9,4.5,0,At Risk
S0326,Student_326,ECE,4,33.1,61.4,39,1.4,35.3,20.2,4.5,1,Critical
S0327,Student_327,CSE-DS,7,70.7,89.9,53,7.6,77.8,87.2,7.54,0,On Track
S0328,Student_328,CSE-AIML,5,64.7,85.5,34,4.2,44.2,68.5,6.26,0,On Track
S0329,Student_329,ECE,7,49.8,83.5,34,1.0,61.4,58.0,5.33,1,At Risk
S0330,Student_330,IT,5,74.1,83.5,35,3.3,70.7,91.7,8.82,0,On Track
S0331,Student_331,ECE,4,73.6,75.9,23,5.6,77.9,60.3,7.31,0,On Track
S0332,Student_332,IT,7,63.7,65.2,22,6.7,75.7,63.3,6.57,0,At Risk
S0333,Student_333,CSE,7,54.4,76.9,27,1.0,40.7,48.0,5.07,2,At Risk
S0334,Student_334,ECE,4,70.0,67.9,24,1.1,62.9,51.2,7.09,0,At Risk
S0335,Student_335,CSE,7,73.3,87.7,39,6.9,70.4,77.5,7.56,0,On Track
S0336,Student_336,CSE-AIML,5,57.5,74.2,35,3.8,49.7,87.6,5.85,0,At Risk
S0337,Student_337,CSE-AIML,7,55.3,66.1,42,1.8,72.6,33.2,5.02,0,At Risk
S0338,Student_338,IT,6,48.7,72.1,24,3.5,40.1,48.3,4.97,0,At Risk
S0339,Student_339,CSE-DS,8,66.8,81.0,44,1.0,61.2,74.5,7.41,0,On Track
S0340,Student_340,ECE,5,57.2,69.2,29,3.2,59.2,58.7,5.94,1,At Risk
S0341,Student_341,IT,6,55.6,66.1,29,3.6,43.6,54.2,6.04,0,At Risk
S0342,Student_342,ECE,4,68.7,78.9,41,5.2,64.7,53.1,6.75,0,On Track
S0343,Student_343,IT,5,63.8,78.9,27,2.0,67.0,66.6,6.75,0,On Track
S0344,Student_344,CSE,8,75.3,69.9,35,4.3,72.0,66.2,7.67,1,At Risk
S0345,Student_345,CSE-AIML,8,70.9,70.3,33,2.6,70.0,44.6,6.61,0,On Track
S0346,Student_346,CSE-AIML,4,47.8,78.8,39,3.0,42.5,62.1,4.94,1,At Risk
S0347,Student_347,CSE-AIML,4,25.0,58.6,29,1.0,20.0,36.5,4.5,3,Critical
S0348,Student_348,CSE,5,75.0,59.1,46,3.6,78.2,75.6,7.18,0,At Risk
S0349,Student_349,CSE,7,33.3,67.4,25,1.0,50.8,36.0,4.5,3,Critical
S0350,Student_350,CSE-AIML,4,54.1,73.4,29,4.0,54.3,67.0,5.56,0,At Risk
S0351,Student_351,CSE-DS,7,46.3,79.7,31,3.9,48.6,49.0,4.5,2,At Risk
S0352,Student_352,CSE-AIML,6,50.1,93.7,38,2.4,57.0,60.9,5.54,1,At Risk
S0353,Student_353,CSE-AIML,8,74.0,86.3,34,4.2,61.3,70.4,7.69,0,On Track
S0354,Student_354,CSE,7,77.7,74.1,43,2.1,94.7,93.4,7.42,0,On Track
S0355,Student_355,ECE,8,62.6,75.8,45,3.0,64.6,66.4,5.49,1,On Track
S0356,Student_356,CSE-AIML,7,25.0,64.0,24,1.3,41.3,27.3,4.5,2,Critical
S0357,Student_357,CSE,6,49.5,75.8,27,6.7,42.2,34.3,4.73,0,At Risk
S0358,Student_358,ECE,4,66.9,72.5,36,2.0,85.1,70.3,6.75,0,On Track
S0359,Student_359,CSE,6,43.1,79.9,32,4.6,50.9,33.1,4.5,0,Critical
S0360,Student_360,CSE,4,60.3,66.1,35,4.8,65.8,52.6,5.03,2,At Risk
S0361,Student_361,CSE,4,68.5,82.2,39,4.2,70.8,58.7,6.66,0,On Track
S0362,Student_362,CSE,8,75.3,94.4,30,6.8,72.8,62.5,7.38,0,On Track
S0363,Student_363,CSE,6,71.9,74.7,46,4.6,83.9,97.4,7.51,0,On Track
S0364,Student_364,CSE-AIML,7,64.4,80.8,51,4.2,65.8,80.4,6.09,0,On Track
S0365,Student_365,ME,6,80.8,84.3,33,4.4,61.1,100.0,8.92,0,On Track
S0366,Student_366,ECE,8,53.9,71.2,29,4.8,42.7,39.2,4.5,1,At Risk
S0367,Student_367,ECE,4,65.9,78.7,38,5.3,64.0,66.8,7.25,0,On Track
S0368,Student_368,CSE-AIML,8,52.2,76.2,37,2.0,55.3,36.7,5.11,2,At Risk
S0369,Student_369,CSE-DS,5,61.3,77.2,40,1.4,60.7,53.0,6.56,1,On Track
S0370,Student_370,CSE-AIML,5,55.0,66.7,46,2.8,67.2,44.0,5.54,1,At Risk
S0371,Student_371,CSE,7,59.1,76.3,33,2.1,39.6,74.0,6.48,0,At Risk
S0372,Student_372,ECE,8,84.9,82.0,31,4.6,86.3,80.1,8.3,0,On Track
S0373,Student_373,CSE,7,50.3,93.4,31,4.7,32.1,63.1,4.5,0,At Risk
S0374,Student_374,CSE-AIML,7,46.5,87.5,34,1.9,54.1,53.7,5.36,1,At Risk
S0375,Student_375,ECE,5,100.0,100.0,45,5.5,99.1,100.0,9.94,0,On Track
S0376,Student_376,CSE-DS,7,62.3,66.8,44,3.5,66.5,44.5,6.34,0,At Risk
S0377,Student_377,CSE-AIML,5,59.1,86.5,35,4.6,50.5,74.2,6.53,0,At Risk
S0378,Student_378,IT,4,78.8,78.2,37,1.0,91.6,92.6,7.36,0,On Track
S0379,Student_379,CSE-DS,8,73.9,100.0,45,3.2,84.3,62.2,7.69,0,On Track
S0380,Student_380,CSE,7,84.8,66.3,39,5.0,90.6,96.9,8.19,0,At Risk
S0381,Student_381,CSE-AIML,5,78.0,65.9,50,6.1,76.7,82.0,7.73,0,At Risk
S0382,Student_382,CSE-AIML,6,46.9,68.8,27,1.9,52.7,44.2,4.73,2,At Risk
S0383,Student_383,CSE-AIML,7,66.5,50.5,19,1.0,59.4,56.6,5.9,0,At Risk
S0384,Student_384,CSE-AIML,4,55.6,69.7,40,4.0,64.2,47.0,5.17,1,At Risk
S0385,Student_385,CSE-DS,4,68.8,66.9,36,2.9,85.3,93.4,7.56,1,At Risk
S0386,Student_386,IT,6,78.7,77.8,50,2.6,89.4,78.7,8.31,0,On Track
S0387,Student_387,ECE,5,86.1,80.1,41,3.8,78.8,95.5,8.58,0,On Track
S0388,Student_388,CSE-AIML,7,98.3,98.5,41,5.2,100.0,88.8,9.95,0,On Track
S0389,Student_389,ME,5,75.4,87.4,44,3.3,62.5,66.0,7.39,0,On Track
S0390,Student_390,CSE-DS,4,53.4,69.1,40,1.0,59.1,66.4,6.02,1,At Risk
S0391,Student_391,ME,5,64.3,65.2,36,4.9,68.8,48.1,6.33,0,At Risk
S0392,Student_392,CSE,4,61.3,81.9,41,5.3,42.6,56.3,6.25,0,On Track
S0393,Student_393,IT,5,82.0,60.2,36,5.5,70.4,82.4,8.77,0,At Risk
S0394,Student_394,CSE,6,88.6,98.0,53,3.2,85.8,89.9,8.47,0,On Track
S0395,Student_395,CSE-AIML,8,77.5,90.2,52,4.0,74.5,75.4,8.53,0,On Track
S0396,Student_396,CSE,6,63.9,70.4,37,3.5,51.8,68.6,5.62,0,On Track
S0397,Student_397,ECE,6,27.1,55.4,24,2.4,31.0,35.4,4.5,2,Critical
S0398,Student_398,IT,8,63.9,92.2,43,4.6,66.4,72.7,6.2,0,On Track
S0399,Student_399,CSE,8,83.7,74.6,43,3.5,81.8,71.9,8.25,0,On Track
S0400,Student_400,CSE-AIML,7,60.6,90.9,34,3.5,53.0,57.2,5.11,0,On Track
S0401,Student_401,CSE-AIML,7,35.4,56.9,29,2.7,45.9,49.7,4.5,2,Critical
S0402,Student_402,CSE-AIML,6,61.0,68.8,28,5.6,77.6,71.7,5.58,0,At Risk
S0403,Student_403,CSE,6,77.4,76.1,34,5.4,72.6,60.9,7.44,0,On Track
S0404,Student_404,CSE-AIML,4,79.8,76.6,45,5.6,73.7,84.0,7.91,0,On Track
S0405,Student_405,IT,4,71.6,70.6,33,4.1,76.5,47.9,7.64,0,On Track
S0406,Student_406,CSE,7,58.7,83.5,38,5.4,55.1,59.3,5.97,1,At Risk
S0407,Student_407,CSE,7,25.3,63.2,18,2.0,23.9,48.1,4.5,3,Critical
S0408,Student_408,CSE-AIML,4,84.4,74.3,39,3.4,91.8,73.0,7.89,0,On Track
S0409,Student_409,CSE-DS,4,63.0,77.4,40,5.6,43.9,53.0,5.86,0,On Track
S0410,Student_410,IT,5,76.7,82.2,54,5.3,89.9,85.9,8.57,0,On Track
S0411,Student_411,IT,5,84.8,84.5,36,4.0,85.5,66.3,8.11,0,On Track
S0412,Student_412,CSE-AIML,4,59.7,62.5,30,2.6,55.6,52.1,6.8,0,At Risk
S0413,Student_413,ECE,5,54.6,57.6,28,3.5,53.7,61.8,5.34,0,At Risk
S0414,Student_414,CSE,8,100.0,91.3,54,6.3,99.6,92.4,10.0,0,On Track
S0415,Student_415,IT,7,56.3,80.0,35,3.4,39.0,53.5,6.17,1,At Risk
S0416,Student_416,CSE-DS,7,68.2,67.0,32,4.3,83.1,77.1,7.46,0,At Risk
S0417,Student_417,ECE,4,81.4,94.6,47,7.1,81.8,86.5,8.08,0,On Track
S0418,Student_418,CSE-DS,6,67.6,77.4,36,5.4,72.0,70.8,6.57,0,On Track
S0419,Student_419,IT,4,90.9,90.2,37,5.3,100.0,86.8,9.06,0,On Track
S0420,Student_420,CSE,5,70.5,76.8,36,5.3,60.3,74.9,7.22,0,On Track
S0421,Student_421,CSE-DS,6,95.5,100.0,54,3.8,100.0,94.0,10.0,0,On Track
S0422,Student_422,CSE,5,86.8,97.1,35,5.4,84.1,92.3,8.68,0,On Track
S0423,Student_423,ECE,8,55.8,73.0,34,5.8,64.3,49.8,5.89,1,At Risk
S0424,Student_424,CSE,5,56.7,87.7,34,2.8,35.4,54.5,6.49,0,At Risk
S0425,Student_425,CSE,8,61.9,83.7,47,2.2,60.9,50.0,6.38,0,On Track
S0426,Student_426,CSE-AIML,8,40.6,92.4,29,1.3,34.6,40.2,4.5,3,Critical
S0427,Student_427,CSE-AIML,5,76.4,64.4,25,2.6,80.7,66.7,6.88,0,At Risk
S0428,Student_428,CSE-AIML,5,56.8,84.2,41,2.0,61.5,43.4,4.5,2,At Risk
S0429,Student_429,ECE,8,78.7,88.7,52,3.8,71.6,81.8,8.06,0,On Track
S0430,Student_430,CSE,6,40.8,54.9,24,1.0,33.7,43.4,4.5,1,Critical
S0431,Student_431,CSE,8,50.9,61.8,23,2.9,49.8,60.3,4.83,0,At Risk
S0432,Student_432,ECE,7,63.8,51.5,38,4.9,54.8,58.6,6.5,0,At Risk
S0433,Student_433,CSE-AIML,8,61.9,72.8,21,2.1,70.3,66.8,6.16,0,On Track
S0434,Student_434,IT,6,48.0,84.6,20,4.9,44.3,54.6,5.36,1,At Risk
S0435,Student_435,IT,7,77.5,94.0,46,5.1,48.4,82.8,7.79,0,On Track
S0436,Student_436,ME,4,63.8,76.9,31,5.1,60.1,53.9,6.01,0,On Track
S0437,Student_437,IT,4,68.9,95.5,35,2.8,58.5,70.7,7.39,0,On Track
S0438,Student_438,CSE-AIML,6,73.4,59.4,32,5.4,57.1,77.8,7.23,1,At Risk
S0439,Student_439,IT,8,53.3,55.6,27,1.3,40.9,53.4,5.59,0,At Risk
S0440,Student_440,CSE-AIML,5,67.5,75.3,29,5.1,68.6,42.5,6.51,0,On Track
S0441,Student_441,CSE-AIML,6,66.8,80.6,26,4.0,80.1,68.7,6.36,0,On Track
S0442,Student_442,ME,7,82.3,75.6,41,5.4,85.4,100.0,8.27,0,On Track
S0443,Student_443,CSE-AIML,7,47.9,51.2,28,1.0,41.8,43.6,4.8,2,At Risk
S0444,Student_444,ME,4,43.9,74.9,33,1.1,48.5,35.2,4.63,1,Critical
S0445,Student_445,ME,7,65.7,60.3,42,4.5,61.1,70.2,6.44,0,At Risk
S0446,Student_446,CSE-DS,6,53.6,84.0,29,1.6,46.7,57.3,4.5,0,At Risk
S0447,Student_447,CSE-DS,7,49.7,80.4,24,3.5,38.2,64.0,4.75,1,At Risk
S0448,Student_448,CSE-AIML,6,56.7,64.7,24,1.1,39.2,41.6,6.07,0,At Risk
S0449,Student_449,CSE-AIML,5,72.9,69.8,31,5.3,69.0,81.7,7.14,0,At Risk
S0450,Student_450,ECE,4,53.2,63.3,30,1.1,54.8,60.3,5.2,2,At Risk
S0451,Student_451,CSE-AIML,7,64.1,75.2,32,4.4,63.1,62.4,6.9,0,On Track
S0452,Student_452,ECE,6,95.6,87.5,42,6.2,91.4,99.7,9.2,0,On Track
S0453,Student_453,IT,8,48.2,64.2,19,1.6,38.7,60.6,4.5,1,At Risk
S0454,Student_454,IT,4,100.0,82.0,48,6.4,100.0,100.0,9.92,0,On Track
S0455,Student_455,CSE-AIML,5,64.0,69.6,31,3.9,50.8,50.3,6.16,0,At Risk
S0456,Student_456,CSE,6,38.3,66.5,39,1.3,46.1,48.1,4.5,0,Critical
S0457,Student_457,CSE-AIML,5,72.7,74.7,36,2.5,62.7,71.9,7.18,0,On Track
S0458,Student_458,CSE,5,59.5,63.6,32,1.0,52.0,60.4,6.2,0,At Risk
S0459,Student_459,CSE-DS,7,77.1,69.4,36,4.8,62.4,78.0,7.71,0,At Risk
S0460,Student_460,CSE-AIML,7,61.6,61.6,31,1.1,56.6,59.8,6.31,1,At Risk
S0461,Student_461,CSE,6,83.5,99.6,50,4.8,93.3,97.8,9.26,0,On Track
S0462,Student_462,CSE,8,54.5,76.4,45,2.6,59.7,53.5,5.28,1,At Risk
S0463,Student_463,IT,6,53.7,67.6,32,4.0,63.5,40.3,5.51,0,At Risk
S0464,Student_464,IT,8,57.4,78.6,41,2.7,62.6,52.7,5.49,0,At Risk
S0465,Student_465,CSE-AIML,5,53.0,74.7,33,2.5,42.0,55.1,4.88,2,At Risk
S0466,Student_466,CSE,4,76.6,73.3,45,5.4,73.3,91.4,7.37,0,On Track
S0467,Student_467,CSE-AIML,6,85.7,83.4,32,5.3,77.9,92.9,8.33,0,On Track
S0468,Student_468,CSE-AIML,6,85.7,85.1,53,5.2,99.0,75.5,8.75,0,On Track
S0469,Student_469,IT,8,41.1,69.6,31,3.0,29.1,70.9,5.28,0,Critical
S0470,Student_470,ECE,5,53.9,69.1,20,1.0,62.8,57.1,5.03,0,At Risk
S0471,Student_471,CSE-AIML,5,76.0,72.7,34,5.4,84.9,91.3,7.39,0,On Track
S0472,Student_472,CSE,8,27.3,48.4,16,2.4,45.6,25.5,4.5,2,Critical
S0473,Student_473,CSE-DS,5,50.8,57.8,33,1.3,46.7,57.2,5.28,1,At Risk
S0474,Student_474,CSE-AIML,7,71.5,92.4,36,3.6,78.6,81.6,7.28,0,On Track
S0475,Student_475,IT,4,65.8,95.7,40,3.6,88.6,80.4,7.22,1,On Track
S0476,Student_476,CSE,6,57.0,73.0,18,3.0,50.8,69.7,4.5,1,At Risk
S0477,Student_477,CSE-AIML,4,63.7,82.9,34,4.0,48.3,74.2,5.18,0,On Track
S0478,Student_478,CSE,6,55.7,79.7,16,5.2,36.9,51.9,5.32,0,At Risk
S0479,Student_479,ECE,7,60.5,100.0,32,5.0,67.6,53.6,6.6,0,On Track
S0480,Student_480,CSE-DS,5,71.7,89.4,46,2.0,52.9,75.7,6.39,0,On Track
S0481,Student_481,CSE-AIML,8,75.1,74.5,40,5.1,71.4,86.3,6.01,0,On Track
S0482,Student_482,CSE,7,50.1,64.5,32,4.8,54.5,47.4,5.3,0,At Risk
S0483,Student_483,CSE,4,63.2,56.7,18,4.1,65.1,76.0,6.44,0,At Risk
S0484,Student_484,CSE-AIML,8,58.7,78.4,35,4.9,63.0,76.1,5.32,0,At Risk
S0485,Student_485,CSE,5,57.5,66.9,30,6.2,59.7,46.5,5.26,1,At Risk
S0486,Student_486,CSE,7,53.2,58.9,17,4.5,66.0,43.2,4.84,1,At Risk
S0487,Student_487,IT,8,46.6,68.2,43,3.0,37.1,44.9,4.72,1,At Risk
S0488,Student_488,CSE-AIML,7,33.6,63.0,35,3.4,26.8,37.3,4.5,2,Critical
S0489,Student_489,CSE-AIML,7,57.9,96.2,42,3.4,50.2,51.6,6.04,2,At Risk
S0490,Student_490,CSE-DS,5,87.2,86.6,39,4.9,95.5,100.0,7.29,0,On Track
S0491,Student_491,CSE,6,56.3,75.9,36,2.6,65.3,61.4,5.2,1,At Risk
S0492,Student_492,CSE-DS,8,97.8,93.8,26,7.8,100.0,98.3,9.22,0,On Track
S0493,Student_493,CSE-AIML,5,54.3,76.9,33,1.8,66.1,37.1,5.3,0,At Risk
S0494,Student_494,CSE-DS,7,51.9,65.7,24,5.2,40.1,36.1,4.92,1,At Risk
S0495,Student_495,ECE,5,90.8,94.3,34,5.8,100.0,94.2,9.48,0,On Track
S0496,Student_496,ME,6,91.9,82.5,35,3.0,100.0,66.3,8.26,0,On Track
S0497,Student_497,CSE-DS,8,89.6,63.6,43,5.5,97.0,100.0,8.98,0,At Risk
S0498,Student_498,CSE-AIML,6,79.6,73.7,38,1.3,97.4,77.7,8.24,0,On Track
S0499,Student_499,CSE-DS,4,63.5,65.5,25,4.5,46.9,100.0,7.28,2,At Risk
S0500,Student_500,CSE-AIML,8,59.5,59.4,31,4.6,54.3,87.2,5.71,1,At Risk
