StudentID,Name,Marks,Attendance(%),Logins,Status
S001,Student_1,81,75,28,On Track
S002,Student_2,44,53,39,At Risk
S003,Student_3,90,70,26,On Track
S004,Student_4,50,87,31,On Track
S005,Student_5,53,54,39,On Track
S006,Student_6,69,76,18,On Track
S007,Student_7,30,93,6,At Risk
S008,Student_8,86,74,34,On Track
S009,Student_9,99,68,19,On Track
S010,Student_10,92,98,22,On Track
S011,Student_11,35,58,33,At Risk
S012,Student_12,41,24,86,At Risk
S013,Student_13,81,81,34,On Track
S014,Student_14,45,97,42,On Track
S015,Student_15,56,64,66,On Track
S016,Student_16,42,95,27,On Track
S017,Student_17,42,52,38,At Risk
S018,Student_18,89,92,21,On Track
